<metadata xml:lang="en">
	<Esri>
		<CreaDate>20170704</CreaDate>
		<CreaTime>19374100</CreaTime>
		<ArcGISFormat>1.0</ArcGISFormat>
		<SyncOnce>FALSE</SyncOnce>
		<DataProperties>
			<itemProps>
				<itemName Sync="TRUE">Join_Features_to_SDCC_Buildings___Buildings</itemName>
				<imsContentType Sync="TRUE">002</imsContentType>
				<itemSize Sync="TRUE">0.000</itemSize>
				<itemLocation>
					<linkage Sync="TRUE">file://\\ip-172-31-9-211\Z\gisdata\arcgisserver\directories\arcgisjobs\system\spatialanalysistools_gpserver\j2bbeb5bdcfce47899e018f508cdbdcf8\scratch\Join_Features_to_SDCC_Buildings___Buildings\Join_Features_to_SDCC_Buildings___Buildings.shp</linkage>
					<protocol Sync="TRUE">Local Area Network</protocol>
				</itemLocation>
			</itemProps>
			<coordRef>
				<type Sync="TRUE">Projected</type>
				<geogcsn Sync="TRUE">GCS_WGS_1984</geogcsn>
				<csUnits Sync="TRUE">Linear Unit: Meter (1.000000)</csUnits>
				<projcsn Sync="TRUE">WGS_1984_Web_Mercator_Auxiliary_Sphere</projcsn>
				<peXml Sync="TRUE">&lt;ProjectedCoordinateSystem xsi:type='typens:ProjectedCoordinateSystem' xmlns:xsi='http://www.w3.org/2001/XMLSchema-instance' xmlns:xs='http://www.w3.org/2001/XMLSchema' xmlns:typens='http://www.esri.com/schemas/ArcGIS/10.5'&gt;&lt;WKT&gt;PROJCS[&amp;quot;WGS_1984_Web_Mercator_Auxiliary_Sphere&amp;quot;,GEOGCS[&amp;quot;GCS_WGS_1984&amp;quot;,DATUM[&amp;quot;D_WGS_1984&amp;quot;,SPHEROID[&amp;quot;WGS_1984&amp;quot;,6378137.0,298.257223563]],PRIMEM[&amp;quot;Greenwich&amp;quot;,0.0],UNIT[&amp;quot;Degree&amp;quot;,0.0174532925199433]],PROJECTION[&amp;quot;Mercator_Auxiliary_Sphere&amp;quot;],PARAMETER[&amp;quot;False_Easting&amp;quot;,0.0],PARAMETER[&amp;quot;False_Northing&amp;quot;,0.0],PARAMETER[&amp;quot;Central_Meridian&amp;quot;,0.0],PARAMETER[&amp;quot;Standard_Parallel_1&amp;quot;,0.0],PARAMETER[&amp;quot;Auxiliary_Sphere_Type&amp;quot;,0.0],UNIT[&amp;quot;Meter&amp;quot;,1.0],AUTHORITY[&amp;quot;EPSG&amp;quot;,3857]]&lt;/WKT&gt;&lt;XOrigin&gt;-20037700&lt;/XOrigin&gt;&lt;YOrigin&gt;-30241100&lt;/YOrigin&gt;&lt;XYScale&gt;148923141.92838538&lt;/XYScale&gt;&lt;ZOrigin&gt;-100000&lt;/ZOrigin&gt;&lt;ZScale&gt;10000&lt;/ZScale&gt;&lt;MOrigin&gt;-100000&lt;/MOrigin&gt;&lt;MScale&gt;10000&lt;/MScale&gt;&lt;XYTolerance&gt;0.001&lt;/XYTolerance&gt;&lt;ZTolerance&gt;0.001&lt;/ZTolerance&gt;&lt;MTolerance&gt;0.001&lt;/MTolerance&gt;&lt;HighPrecision&gt;true&lt;/HighPrecision&gt;&lt;WKID&gt;102100&lt;/WKID&gt;&lt;LatestWKID&gt;3857&lt;/LatestWKID&gt;&lt;/ProjectedCoordinateSystem&gt;</peXml>
			</coordRef>
		</DataProperties>
		<SyncDate>20170704</SyncDate>
		<SyncTime>19374200</SyncTime>
		<ModDate>20170704</ModDate>
		<ModTime>19374200</ModTime>
	</Esri>
	<dataIdInfo>
		<envirDesc Sync="TRUE">Microsoft Windows XP Professional x64 Edition Version 5.2 (Build 3790) Service Pack 2; Esri ArcGIS 10.5.1.7333</envirDesc>
		<dataLang>
			<languageCode value="en" Sync="TRUE"/>
			<countryCode value="US" Sync="TRUE"/>
		</dataLang>
		<idCitation>
			<resTitle Sync="TRUE">Join_Features_to_SDCC_Buildings___Buildings</resTitle>
			<presForm>
				<PresFormCd value="005" Sync="TRUE"/>
			</presForm>
		</idCitation>
		<spatRpType>
			<SpatRepTypCd value="001" Sync="TRUE"/>
		</spatRpType>
	</dataIdInfo>
	<mdLang>
		<languageCode value="en" Sync="TRUE"/>
		<countryCode value="US" Sync="TRUE"/>
	</mdLang>
	<distInfo>
		<distFormat>
			<formatName Sync="TRUE">Shapefile</formatName>
		</distFormat>
		<distTranOps>
			<transSize Sync="TRUE">0.000</transSize>
		</distTranOps>
	</distInfo>
	<mdHrLv>
		<ScopeCd value="005" Sync="TRUE"/>
	</mdHrLv>
	<mdHrLvName Sync="TRUE">dataset</mdHrLvName>
	<refSysInfo>
		<RefSystem>
			<refSysID>
				<identCode code="3857" Sync="TRUE"/>
				<idCodeSpace Sync="TRUE">EPSG</idCodeSpace>
				<idVersion Sync="TRUE">8.8(9.3.1.2)</idVersion>
			</refSysID>
		</RefSystem>
	</refSysInfo>
	<spatRepInfo>
		<VectSpatRep>
			<geometObjs Name="Join_Features_to_SDCC_Buildings___Buildings">
				<geoObjTyp>
					<GeoObjTypCd value="002" Sync="TRUE"/>
				</geoObjTyp>
				<geoObjCnt Sync="TRUE">0</geoObjCnt>
			</geometObjs>
			<topLvl>
				<TopoLevCd value="001" Sync="TRUE"/>
			</topLvl>
		</VectSpatRep>
	</spatRepInfo>
	<spdoinfo>
		<ptvctinf>
			<esriterm Name="Join_Features_to_SDCC_Buildings___Buildings">
				<efeatyp Sync="TRUE">Simple</efeatyp>
				<efeageom code="4" Sync="TRUE"/>
				<esritopo Sync="TRUE">FALSE</esritopo>
				<efeacnt Sync="TRUE">0</efeacnt>
				<spindex Sync="TRUE">FALSE</spindex>
				<linrefer Sync="TRUE">TRUE</linrefer>
			</esriterm>
		</ptvctinf>
	</spdoinfo>
	<eainfo>
		<detailed Name="Join_Features_to_SDCC_Buildings___Buildings">
			<enttyp>
				<enttypl Sync="TRUE">Join_Features_to_SDCC_Buildings___Buildings</enttypl>
				<enttypt Sync="TRUE">Feature Class</enttypt>
				<enttypc Sync="TRUE">0</enttypc>
			</enttyp>
			<attr>
				<attrlabl Sync="TRUE">FID</attrlabl>
				<attalias Sync="TRUE">FID</attalias>
				<attrtype Sync="TRUE">OID</attrtype>
				<attwidth Sync="TRUE">4</attwidth>
				<atprecis Sync="TRUE">0</atprecis>
				<attscale Sync="TRUE">0</attscale>
				<attrdef Sync="TRUE">Internal feature number.</attrdef>
				<attrdefs Sync="TRUE">Esri</attrdefs>
				<attrdomv>
					<udom Sync="TRUE">Sequential unique whole numbers that are automatically generated.</udom>
				</attrdomv>
			</attr>
			<attr>
				<attrlabl Sync="TRUE">Shape</attrlabl>
				<attalias Sync="TRUE">Shape</attalias>
				<attrtype Sync="TRUE">Geometry</attrtype>
				<attwidth Sync="TRUE">0</attwidth>
				<atprecis Sync="TRUE">0</atprecis>
				<attscale Sync="TRUE">0</attscale>
				<attrdef Sync="TRUE">Feature geometry.</attrdef>
				<attrdefs Sync="TRUE">Esri</attrdefs>
				<attrdomv>
					<udom Sync="TRUE">Coordinates defining the features.</udom>
				</attrdomv>
			</attr>
			<attr>
				<attrlabl Sync="TRUE">join_count</attrlabl>
				<attalias Sync="TRUE">join_count</attalias>
				<attrtype Sync="TRUE">Integer</attrtype>
				<attwidth Sync="TRUE">10</attwidth>
				<atprecis Sync="TRUE">10</atprecis>
				<attscale Sync="TRUE">0</attscale>
			</attr>
			<attr>
				<attrlabl Sync="TRUE">iuid</attrlabl>
				<attalias Sync="TRUE">iuid</attalias>
				<attrtype Sync="TRUE">String</attrtype>
				<attwidth Sync="TRUE">254</attwidth>
				<atprecis Sync="TRUE">0</atprecis>
				<attscale Sync="TRUE">0</attscale>
			</attr>
			<attr>
				<attrlabl Sync="TRUE">name</attrlabl>
				<attalias Sync="TRUE">name</attalias>
				<attrtype Sync="TRUE">String</attrtype>
				<attwidth Sync="TRUE">100</attwidth>
				<atprecis Sync="TRUE">0</atprecis>
				<attscale Sync="TRUE">0</attscale>
			</attr>
			<attr>
				<attrlabl Sync="TRUE">longname</attrlabl>
				<attalias Sync="TRUE">longname</attalias>
				<attrtype Sync="TRUE">String</attrtype>
				<attwidth Sync="TRUE">254</attwidth>
				<atprecis Sync="TRUE">0</atprecis>
				<attscale Sync="TRUE">0</attscale>
			</attr>
			<attr>
				<attrlabl Sync="TRUE">number</attrlabl>
				<attalias Sync="TRUE">number</attalias>
				<attrtype Sync="TRUE">Integer</attrtype>
				<attwidth Sync="TRUE">10</attwidth>
				<atprecis Sync="TRUE">10</atprecis>
				<attscale Sync="TRUE">0</attscale>
			</attr>
			<attr>
				<attrlabl Sync="TRUE">descriptio</attrlabl>
				<attalias Sync="TRUE">descriptio</attalias>
				<attrtype Sync="TRUE">String</attrtype>
				<attwidth Sync="TRUE">254</attwidth>
				<atprecis Sync="TRUE">0</atprecis>
				<attscale Sync="TRUE">0</attscale>
			</attr>
			<attr>
				<attrlabl Sync="TRUE">notes</attrlabl>
				<attalias Sync="TRUE">notes</attalias>
				<attrtype Sync="TRUE">String</attrtype>
				<attwidth Sync="TRUE">254</attwidth>
				<atprecis Sync="TRUE">0</atprecis>
				<attscale Sync="TRUE">0</attscale>
			</attr>
			<attr>
				<attrlabl Sync="TRUE">loctype</attrlabl>
				<attalias Sync="TRUE">loctype</attalias>
				<attrtype Sync="TRUE">Integer</attrtype>
				<attwidth Sync="TRUE">10</attwidth>
				<atprecis Sync="TRUE">10</atprecis>
				<attscale Sync="TRUE">0</attscale>
			</attr>
			<attr>
				<attrlabl Sync="TRUE">subtype</attrlabl>
				<attalias Sync="TRUE">subtype</attalias>
				<attrtype Sync="TRUE">String</attrtype>
				<attwidth Sync="TRUE">100</attwidth>
				<atprecis Sync="TRUE">0</atprecis>
				<attscale Sync="TRUE">0</attscale>
			</attr>
			<attr>
				<attrlabl Sync="TRUE">use_</attrlabl>
				<attalias Sync="TRUE">use_</attalias>
				<attrtype Sync="TRUE">String</attrtype>
				<attwidth Sync="TRUE">50</attwidth>
				<atprecis Sync="TRUE">0</atprecis>
				<attscale Sync="TRUE">0</attscale>
			</attr>
			<attr>
				<attrlabl Sync="TRUE">hours</attrlabl>
				<attalias Sync="TRUE">hours</attalias>
				<attrtype Sync="TRUE">String</attrtype>
				<attwidth Sync="TRUE">254</attwidth>
				<atprecis Sync="TRUE">0</atprecis>
				<attscale Sync="TRUE">0</attscale>
			</attr>
			<attr>
				<attrlabl Sync="TRUE">contactpho</attrlabl>
				<attalias Sync="TRUE">contactpho</attalias>
				<attrtype Sync="TRUE">String</attrtype>
				<attwidth Sync="TRUE">254</attwidth>
				<atprecis Sync="TRUE">0</atprecis>
				<attscale Sync="TRUE">0</attscale>
			</attr>
			<attr>
				<attrlabl Sync="TRUE">contactnam</attrlabl>
				<attalias Sync="TRUE">contactnam</attalias>
				<attrtype Sync="TRUE">String</attrtype>
				<attwidth Sync="TRUE">254</attwidth>
				<atprecis Sync="TRUE">0</atprecis>
				<attscale Sync="TRUE">0</attscale>
			</attr>
			<attr>
				<attrlabl Sync="TRUE">contactweb</attrlabl>
				<attalias Sync="TRUE">contactweb</attalias>
				<attrtype Sync="TRUE">String</attrtype>
				<attwidth Sync="TRUE">254</attwidth>
				<atprecis Sync="TRUE">0</atprecis>
				<attscale Sync="TRUE">0</attscale>
			</attr>
			<attr>
				<attrlabl Sync="TRUE">contactema</attrlabl>
				<attalias Sync="TRUE">contactema</attalias>
				<attrtype Sync="TRUE">String</attrtype>
				<attwidth Sync="TRUE">100</attwidth>
				<atprecis Sync="TRUE">0</atprecis>
				<attscale Sync="TRUE">0</attscale>
			</attr>
			<attr>
				<attrlabl Sync="TRUE">ownertype</attrlabl>
				<attalias Sync="TRUE">ownertype</attalias>
				<attrtype Sync="TRUE">String</attrtype>
				<attwidth Sync="TRUE">254</attwidth>
				<atprecis Sync="TRUE">0</atprecis>
				<attscale Sync="TRUE">0</attscale>
			</attr>
			<attr>
				<attrlabl Sync="TRUE">ownedby</attrlabl>
				<attalias Sync="TRUE">ownedby</attalias>
				<attrtype Sync="TRUE">String</attrtype>
				<attwidth Sync="TRUE">254</attwidth>
				<atprecis Sync="TRUE">0</atprecis>
				<attscale Sync="TRUE">0</attscale>
			</attr>
			<attr>
				<attrlabl Sync="TRUE">legal_stat</attrlabl>
				<attalias Sync="TRUE">legal_stat</attalias>
				<attrtype Sync="TRUE">String</attrtype>
				<attwidth Sync="TRUE">20</attwidth>
				<atprecis Sync="TRUE">0</atprecis>
				<attscale Sync="TRUE">0</attscale>
			</attr>
			<attr>
				<attrlabl Sync="TRUE">managedby</attrlabl>
				<attalias Sync="TRUE">managedby</attalias>
				<attrtype Sync="TRUE">String</attrtype>
				<attwidth Sync="TRUE">254</attwidth>
				<atprecis Sync="TRUE">0</atprecis>
				<attscale Sync="TRUE">0</attscale>
			</attr>
			<attr>
				<attrlabl Sync="TRUE">maintby</attrlabl>
				<attalias Sync="TRUE">maintby</attalias>
				<attrtype Sync="TRUE">String</attrtype>
				<attwidth Sync="TRUE">254</attwidth>
				<atprecis Sync="TRUE">0</atprecis>
				<attscale Sync="TRUE">0</attscale>
			</attr>
			<attr>
				<attrlabl Sync="TRUE">maintphone</attrlabl>
				<attalias Sync="TRUE">maintphone</attalias>
				<attrtype Sync="TRUE">String</attrtype>
				<attwidth Sync="TRUE">50</attwidth>
				<atprecis Sync="TRUE">0</atprecis>
				<attscale Sync="TRUE">0</attscale>
			</attr>
			<attr>
				<attrlabl Sync="TRUE">maintcondi</attrlabl>
				<attalias Sync="TRUE">maintcondi</attalias>
				<attrtype Sync="TRUE">String</attrtype>
				<attwidth Sync="TRUE">50</attwidth>
				<atprecis Sync="TRUE">0</atprecis>
				<attscale Sync="TRUE">0</attscale>
			</attr>
			<attr>
				<attrlabl Sync="TRUE">maintdate</attrlabl>
				<attalias Sync="TRUE">maintdate</attalias>
				<attrtype Sync="TRUE">Date</attrtype>
				<attwidth Sync="TRUE">8</attwidth>
				<atprecis Sync="TRUE">0</atprecis>
				<attscale Sync="TRUE">0</attscale>
			</attr>
			<attr>
				<attrlabl Sync="TRUE">tagid</attrlabl>
				<attalias Sync="TRUE">tagid</attalias>
				<attrtype Sync="TRUE">String</attrtype>
				<attwidth Sync="TRUE">254</attwidth>
				<atprecis Sync="TRUE">0</atprecis>
				<attscale Sync="TRUE">0</attscale>
			</attr>
			<attr>
				<attrlabl Sync="TRUE">barcode</attrlabl>
				<attalias Sync="TRUE">barcode</attalias>
				<attrtype Sync="TRUE">String</attrtype>
				<attwidth Sync="TRUE">254</attwidth>
				<atprecis Sync="TRUE">0</atprecis>
				<attscale Sync="TRUE">0</attscale>
			</attr>
			<attr>
				<attrlabl Sync="TRUE">securityby</attrlabl>
				<attalias Sync="TRUE">securityby</attalias>
				<attrtype Sync="TRUE">String</attrtype>
				<attwidth Sync="TRUE">254</attwidth>
				<atprecis Sync="TRUE">0</atprecis>
				<attscale Sync="TRUE">0</attscale>
			</attr>
			<attr>
				<attrlabl Sync="TRUE">securityph</attrlabl>
				<attalias Sync="TRUE">securityph</attalias>
				<attrtype Sync="TRUE">String</attrtype>
				<attwidth Sync="TRUE">50</attwidth>
				<atprecis Sync="TRUE">0</atprecis>
				<attscale Sync="TRUE">0</attscale>
			</attr>
			<attr>
				<attrlabl Sync="TRUE">securityty</attrlabl>
				<attalias Sync="TRUE">securityty</attalias>
				<attrtype Sync="TRUE">String</attrtype>
				<attwidth Sync="TRUE">50</attwidth>
				<atprecis Sync="TRUE">0</atprecis>
				<attscale Sync="TRUE">0</attscale>
			</attr>
			<attr>
				<attrlabl Sync="TRUE">securityco</attrlabl>
				<attalias Sync="TRUE">securityco</attalias>
				<attrtype Sync="TRUE">String</attrtype>
				<attwidth Sync="TRUE">55</attwidth>
				<atprecis Sync="TRUE">0</atprecis>
				<attscale Sync="TRUE">0</attscale>
			</attr>
			<attr>
				<attrlabl Sync="TRUE">entrymetho</attrlabl>
				<attalias Sync="TRUE">entrymetho</attalias>
				<attrtype Sync="TRUE">String</attrtype>
				<attwidth Sync="TRUE">55</attwidth>
				<atprecis Sync="TRUE">0</atprecis>
				<attscale Sync="TRUE">0</attscale>
			</attr>
			<attr>
				<attrlabl Sync="TRUE">exitmethod</attrlabl>
				<attalias Sync="TRUE">exitmethod</attalias>
				<attrtype Sync="TRUE">String</attrtype>
				<attwidth Sync="TRUE">55</attwidth>
				<atprecis Sync="TRUE">0</atprecis>
				<attscale Sync="TRUE">0</attscale>
			</attr>
			<attr>
				<attrlabl Sync="TRUE">entrytype</attrlabl>
				<attalias Sync="TRUE">entrytype</attalias>
				<attrtype Sync="TRUE">String</attrtype>
				<attwidth Sync="TRUE">55</attwidth>
				<atprecis Sync="TRUE">0</atprecis>
				<attscale Sync="TRUE">0</attscale>
			</attr>
			<attr>
				<attrlabl Sync="TRUE">accesstype</attrlabl>
				<attalias Sync="TRUE">accesstype</attalias>
				<attrtype Sync="TRUE">String</attrtype>
				<attwidth Sync="TRUE">50</attwidth>
				<atprecis Sync="TRUE">0</atprecis>
				<attscale Sync="TRUE">0</attscale>
			</attr>
			<attr>
				<attrlabl Sync="TRUE">f_category</attrlabl>
				<attalias Sync="TRUE">f_category</attalias>
				<attrtype Sync="TRUE">String</attrtype>
				<attwidth Sync="TRUE">254</attwidth>
				<atprecis Sync="TRUE">0</atprecis>
				<attscale Sync="TRUE">0</attscale>
			</attr>
			<attr>
				<attrlabl Sync="TRUE">f_level</attrlabl>
				<attalias Sync="TRUE">f_level</attalias>
				<attrtype Sync="TRUE">Integer</attrtype>
				<attwidth Sync="TRUE">10</attwidth>
				<atprecis Sync="TRUE">10</atprecis>
				<attscale Sync="TRUE">0</attscale>
			</attr>
			<attr>
				<attrlabl Sync="TRUE">f0_country</attrlabl>
				<attalias Sync="TRUE">f0_country</attalias>
				<attrtype Sync="TRUE">String</attrtype>
				<attwidth Sync="TRUE">50</attwidth>
				<atprecis Sync="TRUE">0</atprecis>
				<attscale Sync="TRUE">0</attscale>
			</attr>
			<attr>
				<attrlabl Sync="TRUE">f0_count_1</attrlabl>
				<attalias Sync="TRUE">f0_count_1</attalias>
				<attrtype Sync="TRUE">String</attrtype>
				<attwidth Sync="TRUE">50</attwidth>
				<atprecis Sync="TRUE">0</atprecis>
				<attscale Sync="TRUE">0</attscale>
			</attr>
			<attr>
				<attrlabl Sync="TRUE">f1_regioni</attrlabl>
				<attalias Sync="TRUE">f1_regioni</attalias>
				<attrtype Sync="TRUE">String</attrtype>
				<attwidth Sync="TRUE">50</attwidth>
				<atprecis Sync="TRUE">0</atprecis>
				<attscale Sync="TRUE">0</attscale>
			</attr>
			<attr>
				<attrlabl Sync="TRUE">f1_regionn</attrlabl>
				<attalias Sync="TRUE">f1_regionn</attalias>
				<attrtype Sync="TRUE">String</attrtype>
				<attwidth Sync="TRUE">50</attwidth>
				<atprecis Sync="TRUE">0</atprecis>
				<attscale Sync="TRUE">0</attscale>
			</attr>
			<attr>
				<attrlabl Sync="TRUE">f2_cityid</attrlabl>
				<attalias Sync="TRUE">f2_cityid</attalias>
				<attrtype Sync="TRUE">String</attrtype>
				<attwidth Sync="TRUE">50</attwidth>
				<atprecis Sync="TRUE">0</atprecis>
				<attscale Sync="TRUE">0</attscale>
			</attr>
			<attr>
				<attrlabl Sync="TRUE">f2_citynam</attrlabl>
				<attalias Sync="TRUE">f2_citynam</attalias>
				<attrtype Sync="TRUE">String</attrtype>
				<attwidth Sync="TRUE">50</attwidth>
				<atprecis Sync="TRUE">0</atprecis>
				<attscale Sync="TRUE">0</attscale>
			</attr>
			<attr>
				<attrlabl Sync="TRUE">f3_distric</attrlabl>
				<attalias Sync="TRUE">f3_distric</attalias>
				<attrtype Sync="TRUE">String</attrtype>
				<attwidth Sync="TRUE">50</attwidth>
				<atprecis Sync="TRUE">0</atprecis>
				<attscale Sync="TRUE">0</attscale>
			</attr>
			<attr>
				<attrlabl Sync="TRUE">f3_distr_1</attrlabl>
				<attalias Sync="TRUE">f3_distr_1</attalias>
				<attrtype Sync="TRUE">String</attrtype>
				<attwidth Sync="TRUE">50</attwidth>
				<atprecis Sync="TRUE">0</atprecis>
				<attscale Sync="TRUE">0</attscale>
			</attr>
			<attr>
				<attrlabl Sync="TRUE">f4_neighbo</attrlabl>
				<attalias Sync="TRUE">f4_neighbo</attalias>
				<attrtype Sync="TRUE">String</attrtype>
				<attwidth Sync="TRUE">50</attwidth>
				<atprecis Sync="TRUE">0</atprecis>
				<attscale Sync="TRUE">0</attscale>
			</attr>
			<attr>
				<attrlabl Sync="TRUE">f4_neigh_1</attrlabl>
				<attalias Sync="TRUE">f4_neigh_1</attalias>
				<attrtype Sync="TRUE">String</attrtype>
				<attwidth Sync="TRUE">50</attwidth>
				<atprecis Sync="TRUE">0</atprecis>
				<attscale Sync="TRUE">0</attscale>
			</attr>
			<attr>
				<attrlabl Sync="TRUE">f5_blockid</attrlabl>
				<attalias Sync="TRUE">f5_blockid</attalias>
				<attrtype Sync="TRUE">String</attrtype>
				<attwidth Sync="TRUE">50</attwidth>
				<atprecis Sync="TRUE">0</atprecis>
				<attscale Sync="TRUE">0</attscale>
			</attr>
			<attr>
				<attrlabl Sync="TRUE">f5_blockna</attrlabl>
				<attalias Sync="TRUE">f5_blockna</attalias>
				<attrtype Sync="TRUE">String</attrtype>
				<attwidth Sync="TRUE">50</attwidth>
				<atprecis Sync="TRUE">0</atprecis>
				<attscale Sync="TRUE">0</attscale>
			</attr>
			<attr>
				<attrlabl Sync="TRUE">f6_siteid</attrlabl>
				<attalias Sync="TRUE">f6_siteid</attalias>
				<attrtype Sync="TRUE">String</attrtype>
				<attwidth Sync="TRUE">50</attwidth>
				<atprecis Sync="TRUE">0</atprecis>
				<attscale Sync="TRUE">0</attscale>
			</attr>
			<attr>
				<attrlabl Sync="TRUE">f6_sitenam</attrlabl>
				<attalias Sync="TRUE">f6_sitenam</attalias>
				<attrtype Sync="TRUE">String</attrtype>
				<attwidth Sync="TRUE">50</attwidth>
				<atprecis Sync="TRUE">0</atprecis>
				<attscale Sync="TRUE">0</attscale>
			</attr>
			<attr>
				<attrlabl Sync="TRUE">f7_parceli</attrlabl>
				<attalias Sync="TRUE">f7_parceli</attalias>
				<attrtype Sync="TRUE">String</attrtype>
				<attwidth Sync="TRUE">50</attwidth>
				<atprecis Sync="TRUE">0</atprecis>
				<attscale Sync="TRUE">0</attscale>
			</attr>
			<attr>
				<attrlabl Sync="TRUE">f7_parceln</attrlabl>
				<attalias Sync="TRUE">f7_parceln</attalias>
				<attrtype Sync="TRUE">String</attrtype>
				<attwidth Sync="TRUE">50</attwidth>
				<atprecis Sync="TRUE">0</atprecis>
				<attscale Sync="TRUE">0</attscale>
			</attr>
			<attr>
				<attrlabl Sync="TRUE">f8_facilit</attrlabl>
				<attalias Sync="TRUE">f8_facilit</attalias>
				<attrtype Sync="TRUE">String</attrtype>
				<attwidth Sync="TRUE">50</attwidth>
				<atprecis Sync="TRUE">0</atprecis>
				<attscale Sync="TRUE">0</attscale>
			</attr>
			<attr>
				<attrlabl Sync="TRUE">f8_facil_1</attrlabl>
				<attalias Sync="TRUE">f8_facil_1</attalias>
				<attrtype Sync="TRUE">String</attrtype>
				<attwidth Sync="TRUE">100</attwidth>
				<atprecis Sync="TRUE">0</atprecis>
				<attscale Sync="TRUE">0</attscale>
			</attr>
			<attr>
				<attrlabl Sync="TRUE">f_parent</attrlabl>
				<attalias Sync="TRUE">f_parent</attalias>
				<attrtype Sync="TRUE">String</attrtype>
				<attwidth Sync="TRUE">34</attwidth>
				<atprecis Sync="TRUE">0</atprecis>
				<attscale Sync="TRUE">0</attscale>
			</attr>
			<attr>
				<attrlabl Sync="TRUE">f_parent_n</attrlabl>
				<attalias Sync="TRUE">f_parent_n</attalias>
				<attrtype Sync="TRUE">String</attrtype>
				<attwidth Sync="TRUE">50</attwidth>
				<atprecis Sync="TRUE">0</atprecis>
				<attscale Sync="TRUE">0</attscale>
			</attr>
			<attr>
				<attrlabl Sync="TRUE">address_id</attrlabl>
				<attalias Sync="TRUE">address_id</attalias>
				<attrtype Sync="TRUE">String</attrtype>
				<attwidth Sync="TRUE">254</attwidth>
				<atprecis Sync="TRUE">0</atprecis>
				<attscale Sync="TRUE">0</attscale>
			</attr>
			<attr>
				<attrlabl Sync="TRUE">fulladdr</attrlabl>
				<attalias Sync="TRUE">fulladdr</attalias>
				<attrtype Sync="TRUE">String</attrtype>
				<attwidth Sync="TRUE">254</attwidth>
				<atprecis Sync="TRUE">0</atprecis>
				<attscale Sync="TRUE">0</attscale>
			</attr>
			<attr>
				<attrlabl Sync="TRUE">acquisitio</attrlabl>
				<attalias Sync="TRUE">acquisitio</attalias>
				<attrtype Sync="TRUE">Double</attrtype>
				<attwidth Sync="TRUE">19</attwidth>
				<atprecis Sync="TRUE">0</atprecis>
				<attscale Sync="TRUE">0</attscale>
			</attr>
			<attr>
				<attrlabl Sync="TRUE">replacemen</attrlabl>
				<attalias Sync="TRUE">replacemen</attalias>
				<attrtype Sync="TRUE">Double</attrtype>
				<attwidth Sync="TRUE">19</attwidth>
				<atprecis Sync="TRUE">0</atprecis>
				<attscale Sync="TRUE">0</attscale>
			</attr>
			<attr>
				<attrlabl Sync="TRUE">operating_</attrlabl>
				<attalias Sync="TRUE">operating_</attalias>
				<attrtype Sync="TRUE">Double</attrtype>
				<attwidth Sync="TRUE">19</attwidth>
				<atprecis Sync="TRUE">0</atprecis>
				<attscale Sync="TRUE">0</attscale>
			</attr>
			<attr>
				<attrlabl Sync="TRUE">lease_cost</attrlabl>
				<attalias Sync="TRUE">lease_cost</attalias>
				<attrtype Sync="TRUE">Double</attrtype>
				<attwidth Sync="TRUE">19</attwidth>
				<atprecis Sync="TRUE">0</atprecis>
				<attscale Sync="TRUE">0</attscale>
			</attr>
			<attr>
				<attrlabl Sync="TRUE">builtdate</attrlabl>
				<attalias Sync="TRUE">builtdate</attalias>
				<attrtype Sync="TRUE">Date</attrtype>
				<attwidth Sync="TRUE">8</attwidth>
				<atprecis Sync="TRUE">0</atprecis>
				<attscale Sync="TRUE">0</attscale>
			</attr>
			<attr>
				<attrlabl Sync="TRUE">acquired_d</attrlabl>
				<attalias Sync="TRUE">acquired_d</attalias>
				<attrtype Sync="TRUE">Date</attrtype>
				<attwidth Sync="TRUE">8</attwidth>
				<atprecis Sync="TRUE">0</atprecis>
				<attscale Sync="TRUE">0</attscale>
			</attr>
			<attr>
				<attrlabl Sync="TRUE">lease_star</attrlabl>
				<attalias Sync="TRUE">lease_star</attalias>
				<attrtype Sync="TRUE">Date</attrtype>
				<attwidth Sync="TRUE">8</attwidth>
				<atprecis Sync="TRUE">0</atprecis>
				<attscale Sync="TRUE">0</attscale>
			</attr>
			<attr>
				<attrlabl Sync="TRUE">lease_end</attrlabl>
				<attalias Sync="TRUE">lease_end</attalias>
				<attrtype Sync="TRUE">Date</attrtype>
				<attwidth Sync="TRUE">8</attwidth>
				<atprecis Sync="TRUE">0</atprecis>
				<attscale Sync="TRUE">0</attscale>
			</attr>
			<attr>
				<attrlabl Sync="TRUE">floorcount</attrlabl>
				<attalias Sync="TRUE">floorcount</attalias>
				<attrtype Sync="TRUE">Integer</attrtype>
				<attwidth Sync="TRUE">5</attwidth>
				<atprecis Sync="TRUE">5</atprecis>
				<attscale Sync="TRUE">0</attscale>
			</attr>
			<attr>
				<attrlabl Sync="TRUE">ref_loc</attrlabl>
				<attalias Sync="TRUE">ref_loc</attalias>
				<attrtype Sync="TRUE">String</attrtype>
				<attwidth Sync="TRUE">254</attwidth>
				<atprecis Sync="TRUE">0</atprecis>
				<attscale Sync="TRUE">0</attscale>
			</attr>
			<attr>
				<attrlabl Sync="TRUE">base_eleva</attrlabl>
				<attalias Sync="TRUE">base_eleva</attalias>
				<attrtype Sync="TRUE">Double</attrtype>
				<attwidth Sync="TRUE">19</attwidth>
				<atprecis Sync="TRUE">0</atprecis>
				<attscale Sync="TRUE">0</attscale>
			</attr>
			<attr>
				<attrlabl Sync="TRUE">absolute_e</attrlabl>
				<attalias Sync="TRUE">absolute_e</attalias>
				<attrtype Sync="TRUE">Double</attrtype>
				<attwidth Sync="TRUE">19</attwidth>
				<atprecis Sync="TRUE">0</atprecis>
				<attscale Sync="TRUE">0</attscale>
			</attr>
			<attr>
				<attrlabl Sync="TRUE">elevation_</attrlabl>
				<attalias Sync="TRUE">elevation_</attalias>
				<attrtype Sync="TRUE">String</attrtype>
				<attwidth Sync="TRUE">10</attwidth>
				<atprecis Sync="TRUE">0</atprecis>
				<attscale Sync="TRUE">0</attscale>
			</attr>
			<attr>
				<attrlabl Sync="TRUE">base_heigh</attrlabl>
				<attalias Sync="TRUE">base_heigh</attalias>
				<attrtype Sync="TRUE">Double</attrtype>
				<attwidth Sync="TRUE">19</attwidth>
				<atprecis Sync="TRUE">0</atprecis>
				<attscale Sync="TRUE">0</attscale>
			</attr>
			<attr>
				<attrlabl Sync="TRUE">absolute_h</attrlabl>
				<attalias Sync="TRUE">absolute_h</attalias>
				<attrtype Sync="TRUE">Double</attrtype>
				<attwidth Sync="TRUE">19</attwidth>
				<atprecis Sync="TRUE">0</atprecis>
				<attscale Sync="TRUE">0</attscale>
			</attr>
			<attr>
				<attrlabl Sync="TRUE">height_um</attrlabl>
				<attalias Sync="TRUE">height_um</attalias>
				<attrtype Sync="TRUE">String</attrtype>
				<attwidth Sync="TRUE">10</attwidth>
				<atprecis Sync="TRUE">0</atprecis>
				<attscale Sync="TRUE">0</attscale>
			</attr>
			<attr>
				<attrlabl Sync="TRUE">quantity_n</attrlabl>
				<attalias Sync="TRUE">quantity_n</attalias>
				<attrtype Sync="TRUE">Double</attrtype>
				<attwidth Sync="TRUE">19</attwidth>
				<atprecis Sync="TRUE">0</atprecis>
				<attscale Sync="TRUE">0</attscale>
			</attr>
			<attr>
				<attrlabl Sync="TRUE">net_area_u</attrlabl>
				<attalias Sync="TRUE">net_area_u</attalias>
				<attrtype Sync="TRUE">String</attrtype>
				<attwidth Sync="TRUE">10</attwidth>
				<atprecis Sync="TRUE">0</atprecis>
				<attscale Sync="TRUE">0</attscale>
			</attr>
			<attr>
				<attrlabl Sync="TRUE">quantity_g</attrlabl>
				<attalias Sync="TRUE">quantity_g</attalias>
				<attrtype Sync="TRUE">Double</attrtype>
				<attwidth Sync="TRUE">19</attwidth>
				<atprecis Sync="TRUE">0</atprecis>
				<attscale Sync="TRUE">0</attscale>
			</attr>
			<attr>
				<attrlabl Sync="TRUE">gross_area</attrlabl>
				<attalias Sync="TRUE">gross_area</attalias>
				<attrtype Sync="TRUE">String</attrtype>
				<attwidth Sync="TRUE">10</attwidth>
				<atprecis Sync="TRUE">0</atprecis>
				<attscale Sync="TRUE">0</attscale>
			</attr>
			<attr>
				<attrlabl Sync="TRUE">quantity_v</attrlabl>
				<attalias Sync="TRUE">quantity_v</attalias>
				<attrtype Sync="TRUE">Double</attrtype>
				<attwidth Sync="TRUE">19</attwidth>
				<atprecis Sync="TRUE">0</atprecis>
				<attscale Sync="TRUE">0</attscale>
			</attr>
			<attr>
				<attrlabl Sync="TRUE">volume_um</attrlabl>
				<attalias Sync="TRUE">volume_um</attalias>
				<attrtype Sync="TRUE">String</attrtype>
				<attwidth Sync="TRUE">10</attwidth>
				<atprecis Sync="TRUE">0</atprecis>
				<attscale Sync="TRUE">0</attscale>
			</attr>
			<attr>
				<attrlabl Sync="TRUE">quantity_p</attrlabl>
				<attalias Sync="TRUE">quantity_p</attalias>
				<attrtype Sync="TRUE">Double</attrtype>
				<attwidth Sync="TRUE">19</attwidth>
				<atprecis Sync="TRUE">0</atprecis>
				<attscale Sync="TRUE">0</attscale>
			</attr>
			<attr>
				<attrlabl Sync="TRUE">perimeter_</attrlabl>
				<attalias Sync="TRUE">perimeter_</attalias>
				<attrtype Sync="TRUE">String</attrtype>
				<attwidth Sync="TRUE">10</attwidth>
				<atprecis Sync="TRUE">0</atprecis>
				<attscale Sync="TRUE">0</attscale>
			</attr>
			<attr>
				<attrlabl Sync="TRUE">quantity_d</attrlabl>
				<attalias Sync="TRUE">quantity_d</attalias>
				<attrtype Sync="TRUE">Double</attrtype>
				<attwidth Sync="TRUE">19</attwidth>
				<atprecis Sync="TRUE">0</atprecis>
				<attscale Sync="TRUE">0</attscale>
			</attr>
			<attr>
				<attrlabl Sync="TRUE">depth_um</attrlabl>
				<attalias Sync="TRUE">depth_um</attalias>
				<attrtype Sync="TRUE">String</attrtype>
				<attwidth Sync="TRUE">10</attwidth>
				<atprecis Sync="TRUE">0</atprecis>
				<attscale Sync="TRUE">0</attscale>
			</attr>
			<attr>
				<attrlabl Sync="TRUE">quantity_w</attrlabl>
				<attalias Sync="TRUE">quantity_w</attalias>
				<attrtype Sync="TRUE">Double</attrtype>
				<attwidth Sync="TRUE">19</attwidth>
				<atprecis Sync="TRUE">0</atprecis>
				<attscale Sync="TRUE">0</attscale>
			</attr>
			<attr>
				<attrlabl Sync="TRUE">width_um</attrlabl>
				<attalias Sync="TRUE">width_um</attalias>
				<attrtype Sync="TRUE">String</attrtype>
				<attwidth Sync="TRUE">10</attwidth>
				<atprecis Sync="TRUE">0</atprecis>
				<attscale Sync="TRUE">0</attscale>
			</attr>
			<attr>
				<attrlabl Sync="TRUE">quantity_c</attrlabl>
				<attalias Sync="TRUE">quantity_c</attalias>
				<attrtype Sync="TRUE">Double</attrtype>
				<attwidth Sync="TRUE">19</attwidth>
				<atprecis Sync="TRUE">0</atprecis>
				<attscale Sync="TRUE">0</attscale>
			</attr>
			<attr>
				<attrlabl Sync="TRUE">capacity_u</attrlabl>
				<attalias Sync="TRUE">capacity_u</attalias>
				<attrtype Sync="TRUE">String</attrtype>
				<attwidth Sync="TRUE">10</attwidth>
				<atprecis Sync="TRUE">0</atprecis>
				<attscale Sync="TRUE">0</attscale>
			</attr>
			<attr>
				<attrlabl Sync="TRUE">quantity_u</attrlabl>
				<attalias Sync="TRUE">quantity_u</attalias>
				<attrtype Sync="TRUE">Double</attrtype>
				<attwidth Sync="TRUE">19</attwidth>
				<atprecis Sync="TRUE">0</atprecis>
				<attscale Sync="TRUE">0</attscale>
			</attr>
			<attr>
				<attrlabl Sync="TRUE">utilizatio</attrlabl>
				<attalias Sync="TRUE">utilizatio</attalias>
				<attrtype Sync="TRUE">String</attrtype>
				<attwidth Sync="TRUE">10</attwidth>
				<atprecis Sync="TRUE">0</atprecis>
				<attscale Sync="TRUE">0</attscale>
			</attr>
			<attr>
				<attrlabl Sync="TRUE">rulename</attrlabl>
				<attalias Sync="TRUE">rulename</attalias>
				<attrtype Sync="TRUE">String</attrtype>
				<attwidth Sync="TRUE">100</attwidth>
				<atprecis Sync="TRUE">0</atprecis>
				<attscale Sync="TRUE">0</attscale>
			</attr>
			<attr>
				<attrlabl Sync="TRUE">startrule</attrlabl>
				<attalias Sync="TRUE">startrule</attalias>
				<attrtype Sync="TRUE">String</attrtype>
				<attwidth Sync="TRUE">100</attwidth>
				<atprecis Sync="TRUE">0</atprecis>
				<attscale Sync="TRUE">0</attscale>
			</attr>
			<attr>
				<attrlabl Sync="TRUE">scenario_i</attrlabl>
				<attalias Sync="TRUE">scenario_i</attalias>
				<attrtype Sync="TRUE">String</attrtype>
				<attwidth Sync="TRUE">50</attwidth>
				<atprecis Sync="TRUE">0</atprecis>
				<attscale Sync="TRUE">0</attscale>
			</attr>
			<attr>
				<attrlabl Sync="TRUE">scenario_n</attrlabl>
				<attalias Sync="TRUE">scenario_n</attalias>
				<attrtype Sync="TRUE">String</attrtype>
				<attwidth Sync="TRUE">50</attwidth>
				<atprecis Sync="TRUE">0</atprecis>
				<attscale Sync="TRUE">0</attscale>
			</attr>
			<attr>
				<attrlabl Sync="TRUE">alt_name</attrlabl>
				<attalias Sync="TRUE">alt_name</attalias>
				<attrtype Sync="TRUE">String</attrtype>
				<attwidth Sync="TRUE">50</attwidth>
				<atprecis Sync="TRUE">0</atprecis>
				<attscale Sync="TRUE">0</attscale>
			</attr>
			<attr>
				<attrlabl Sync="TRUE">alt_id</attrlabl>
				<attalias Sync="TRUE">alt_id</attalias>
				<attrtype Sync="TRUE">String</attrtype>
				<attwidth Sync="TRUE">50</attwidth>
				<atprecis Sync="TRUE">0</atprecis>
				<attscale Sync="TRUE">0</attscale>
			</attr>
			<attr>
				<attrlabl Sync="TRUE">alt_start_</attrlabl>
				<attalias Sync="TRUE">alt_start_</attalias>
				<attrtype Sync="TRUE">Date</attrtype>
				<attwidth Sync="TRUE">8</attwidth>
				<atprecis Sync="TRUE">0</atprecis>
				<attscale Sync="TRUE">0</attscale>
			</attr>
			<attr>
				<attrlabl Sync="TRUE">alt_end_da</attrlabl>
				<attalias Sync="TRUE">alt_end_da</attalias>
				<attrtype Sync="TRUE">Date</attrtype>
				<attwidth Sync="TRUE">8</attwidth>
				<atprecis Sync="TRUE">0</atprecis>
				<attscale Sync="TRUE">0</attscale>
			</attr>
			<attr>
				<attrlabl Sync="TRUE">feature</attrlabl>
				<attalias Sync="TRUE">feature</attalias>
				<attrtype Sync="TRUE">String</attrtype>
				<attwidth Sync="TRUE">254</attwidth>
				<atprecis Sync="TRUE">0</atprecis>
				<attscale Sync="TRUE">0</attscale>
			</attr>
			<attr>
				<attrlabl Sync="TRUE">sourceid</attrlabl>
				<attalias Sync="TRUE">sourceid</attalias>
				<attrtype Sync="TRUE">String</attrtype>
				<attwidth Sync="TRUE">30</attwidth>
				<atprecis Sync="TRUE">0</atprecis>
				<attscale Sync="TRUE">0</attscale>
			</attr>
			<attr>
				<attrlabl Sync="TRUE">sourcename</attrlabl>
				<attalias Sync="TRUE">sourcename</attalias>
				<attrtype Sync="TRUE">String</attrtype>
				<attwidth Sync="TRUE">60</attwidth>
				<atprecis Sync="TRUE">0</atprecis>
				<attscale Sync="TRUE">0</attscale>
			</attr>
			<attr>
				<attrlabl Sync="TRUE">sourcepath</attrlabl>
				<attalias Sync="TRUE">sourcepath</attalias>
				<attrtype Sync="TRUE">String</attrtype>
				<attwidth Sync="TRUE">254</attwidth>
				<atprecis Sync="TRUE">0</atprecis>
				<attscale Sync="TRUE">0</attscale>
			</attr>
			<attr>
				<attrlabl Sync="TRUE">sourcetype</attrlabl>
				<attalias Sync="TRUE">sourcetype</attalias>
				<attrtype Sync="TRUE">String</attrtype>
				<attwidth Sync="TRUE">50</attwidth>
				<atprecis Sync="TRUE">0</atprecis>
				<attscale Sync="TRUE">0</attscale>
			</attr>
			<attr>
				<attrlabl Sync="TRUE">sourcemeth</attrlabl>
				<attalias Sync="TRUE">sourcemeth</attalias>
				<attrtype Sync="TRUE">String</attrtype>
				<attwidth Sync="TRUE">50</attwidth>
				<atprecis Sync="TRUE">0</atprecis>
				<attscale Sync="TRUE">0</attscale>
			</attr>
			<attr>
				<attrlabl Sync="TRUE">rotation</attrlabl>
				<attalias Sync="TRUE">rotation</attalias>
				<attrtype Sync="TRUE">Double</attrtype>
				<attwidth Sync="TRUE">19</attwidth>
				<atprecis Sync="TRUE">0</atprecis>
				<attscale Sync="TRUE">0</attscale>
			</attr>
			<attr>
				<attrlabl Sync="TRUE">display</attrlabl>
				<attalias Sync="TRUE">display</attalias>
				<attrtype Sync="TRUE">Integer</attrtype>
				<attwidth Sync="TRUE">5</attwidth>
				<atprecis Sync="TRUE">5</atprecis>
				<attscale Sync="TRUE">0</attscale>
			</attr>
			<attr>
				<attrlabl Sync="TRUE">shape__are</attrlabl>
				<attalias Sync="TRUE">shape__are</attalias>
				<attrtype Sync="TRUE">Double</attrtype>
				<attwidth Sync="TRUE">19</attwidth>
				<atprecis Sync="TRUE">0</atprecis>
				<attscale Sync="TRUE">0</attscale>
			</attr>
			<attr>
				<attrlabl Sync="TRUE">shape__len</attrlabl>
				<attalias Sync="TRUE">shape__len</attalias>
				<attrtype Sync="TRUE">Double</attrtype>
				<attwidth Sync="TRUE">19</attwidth>
				<atprecis Sync="TRUE">0</atprecis>
				<attscale Sync="TRUE">0</attscale>
			</attr>
			<attr>
				<attrlabl Sync="TRUE">iuid_1</attrlabl>
				<attalias Sync="TRUE">iuid_1</attalias>
				<attrtype Sync="TRUE">String</attrtype>
				<attwidth Sync="TRUE">254</attwidth>
				<atprecis Sync="TRUE">0</atprecis>
				<attscale Sync="TRUE">0</attscale>
			</attr>
			<attr>
				<attrlabl Sync="TRUE">name_1</attrlabl>
				<attalias Sync="TRUE">name_1</attalias>
				<attrtype Sync="TRUE">String</attrtype>
				<attwidth Sync="TRUE">100</attwidth>
				<atprecis Sync="TRUE">0</atprecis>
				<attscale Sync="TRUE">0</attscale>
			</attr>
			<attr>
				<attrlabl Sync="TRUE">longname_1</attrlabl>
				<attalias Sync="TRUE">longname_1</attalias>
				<attrtype Sync="TRUE">String</attrtype>
				<attwidth Sync="TRUE">254</attwidth>
				<atprecis Sync="TRUE">0</atprecis>
				<attscale Sync="TRUE">0</attscale>
			</attr>
			<attr>
				<attrlabl Sync="TRUE">number_1</attrlabl>
				<attalias Sync="TRUE">number_1</attalias>
				<attrtype Sync="TRUE">Integer</attrtype>
				<attwidth Sync="TRUE">10</attwidth>
				<atprecis Sync="TRUE">10</atprecis>
				<attscale Sync="TRUE">0</attscale>
			</attr>
			<attr>
				<attrlabl Sync="TRUE">descript_1</attrlabl>
				<attalias Sync="TRUE">descript_1</attalias>
				<attrtype Sync="TRUE">String</attrtype>
				<attwidth Sync="TRUE">254</attwidth>
				<atprecis Sync="TRUE">0</atprecis>
				<attscale Sync="TRUE">0</attscale>
			</attr>
			<attr>
				<attrlabl Sync="TRUE">notes_1</attrlabl>
				<attalias Sync="TRUE">notes_1</attalias>
				<attrtype Sync="TRUE">String</attrtype>
				<attwidth Sync="TRUE">254</attwidth>
				<atprecis Sync="TRUE">0</atprecis>
				<attscale Sync="TRUE">0</attscale>
			</attr>
			<attr>
				<attrlabl Sync="TRUE">loctype_1</attrlabl>
				<attalias Sync="TRUE">loctype_1</attalias>
				<attrtype Sync="TRUE">Integer</attrtype>
				<attwidth Sync="TRUE">10</attwidth>
				<atprecis Sync="TRUE">10</atprecis>
				<attscale Sync="TRUE">0</attscale>
			</attr>
			<attr>
				<attrlabl Sync="TRUE">subtype_1</attrlabl>
				<attalias Sync="TRUE">subtype_1</attalias>
				<attrtype Sync="TRUE">String</attrtype>
				<attwidth Sync="TRUE">100</attwidth>
				<atprecis Sync="TRUE">0</atprecis>
				<attscale Sync="TRUE">0</attscale>
			</attr>
			<attr>
				<attrlabl Sync="TRUE">use__1</attrlabl>
				<attalias Sync="TRUE">use__1</attalias>
				<attrtype Sync="TRUE">String</attrtype>
				<attwidth Sync="TRUE">50</attwidth>
				<atprecis Sync="TRUE">0</atprecis>
				<attscale Sync="TRUE">0</attscale>
			</attr>
			<attr>
				<attrlabl Sync="TRUE">hours_1</attrlabl>
				<attalias Sync="TRUE">hours_1</attalias>
				<attrtype Sync="TRUE">String</attrtype>
				<attwidth Sync="TRUE">254</attwidth>
				<atprecis Sync="TRUE">0</atprecis>
				<attscale Sync="TRUE">0</attscale>
			</attr>
			<attr>
				<attrlabl Sync="TRUE">contactp_1</attrlabl>
				<attalias Sync="TRUE">contactp_1</attalias>
				<attrtype Sync="TRUE">String</attrtype>
				<attwidth Sync="TRUE">254</attwidth>
				<atprecis Sync="TRUE">0</atprecis>
				<attscale Sync="TRUE">0</attscale>
			</attr>
			<attr>
				<attrlabl Sync="TRUE">contactn_1</attrlabl>
				<attalias Sync="TRUE">contactn_1</attalias>
				<attrtype Sync="TRUE">String</attrtype>
				<attwidth Sync="TRUE">254</attwidth>
				<atprecis Sync="TRUE">0</atprecis>
				<attscale Sync="TRUE">0</attscale>
			</attr>
			<attr>
				<attrlabl Sync="TRUE">contactw_1</attrlabl>
				<attalias Sync="TRUE">contactw_1</attalias>
				<attrtype Sync="TRUE">String</attrtype>
				<attwidth Sync="TRUE">254</attwidth>
				<atprecis Sync="TRUE">0</atprecis>
				<attscale Sync="TRUE">0</attscale>
			</attr>
			<attr>
				<attrlabl Sync="TRUE">contacte_1</attrlabl>
				<attalias Sync="TRUE">contacte_1</attalias>
				<attrtype Sync="TRUE">String</attrtype>
				<attwidth Sync="TRUE">100</attwidth>
				<atprecis Sync="TRUE">0</atprecis>
				<attscale Sync="TRUE">0</attscale>
			</attr>
			<attr>
				<attrlabl Sync="TRUE">ownertype_</attrlabl>
				<attalias Sync="TRUE">ownertype_</attalias>
				<attrtype Sync="TRUE">String</attrtype>
				<attwidth Sync="TRUE">254</attwidth>
				<atprecis Sync="TRUE">0</atprecis>
				<attscale Sync="TRUE">0</attscale>
			</attr>
			<attr>
				<attrlabl Sync="TRUE">ownedby_1</attrlabl>
				<attalias Sync="TRUE">ownedby_1</attalias>
				<attrtype Sync="TRUE">String</attrtype>
				<attwidth Sync="TRUE">254</attwidth>
				<atprecis Sync="TRUE">0</atprecis>
				<attscale Sync="TRUE">0</attscale>
			</attr>
			<attr>
				<attrlabl Sync="TRUE">legal_st_1</attrlabl>
				<attalias Sync="TRUE">legal_st_1</attalias>
				<attrtype Sync="TRUE">String</attrtype>
				<attwidth Sync="TRUE">20</attwidth>
				<atprecis Sync="TRUE">0</atprecis>
				<attscale Sync="TRUE">0</attscale>
			</attr>
			<attr>
				<attrlabl Sync="TRUE">managedby_</attrlabl>
				<attalias Sync="TRUE">managedby_</attalias>
				<attrtype Sync="TRUE">String</attrtype>
				<attwidth Sync="TRUE">254</attwidth>
				<atprecis Sync="TRUE">0</atprecis>
				<attscale Sync="TRUE">0</attscale>
			</attr>
			<attr>
				<attrlabl Sync="TRUE">maintby_1</attrlabl>
				<attalias Sync="TRUE">maintby_1</attalias>
				<attrtype Sync="TRUE">String</attrtype>
				<attwidth Sync="TRUE">254</attwidth>
				<atprecis Sync="TRUE">0</atprecis>
				<attscale Sync="TRUE">0</attscale>
			</attr>
			<attr>
				<attrlabl Sync="TRUE">maintpho_1</attrlabl>
				<attalias Sync="TRUE">maintpho_1</attalias>
				<attrtype Sync="TRUE">String</attrtype>
				<attwidth Sync="TRUE">50</attwidth>
				<atprecis Sync="TRUE">0</atprecis>
				<attscale Sync="TRUE">0</attscale>
			</attr>
			<attr>
				<attrlabl Sync="TRUE">maintcon_1</attrlabl>
				<attalias Sync="TRUE">maintcon_1</attalias>
				<attrtype Sync="TRUE">String</attrtype>
				<attwidth Sync="TRUE">50</attwidth>
				<atprecis Sync="TRUE">0</atprecis>
				<attscale Sync="TRUE">0</attscale>
			</attr>
			<attr>
				<attrlabl Sync="TRUE">maintdate_</attrlabl>
				<attalias Sync="TRUE">maintdate_</attalias>
				<attrtype Sync="TRUE">Date</attrtype>
				<attwidth Sync="TRUE">8</attwidth>
				<atprecis Sync="TRUE">0</atprecis>
				<attscale Sync="TRUE">0</attscale>
			</attr>
			<attr>
				<attrlabl Sync="TRUE">tagid_1</attrlabl>
				<attalias Sync="TRUE">tagid_1</attalias>
				<attrtype Sync="TRUE">String</attrtype>
				<attwidth Sync="TRUE">254</attwidth>
				<atprecis Sync="TRUE">0</atprecis>
				<attscale Sync="TRUE">0</attscale>
			</attr>
			<attr>
				<attrlabl Sync="TRUE">barcode_1</attrlabl>
				<attalias Sync="TRUE">barcode_1</attalias>
				<attrtype Sync="TRUE">String</attrtype>
				<attwidth Sync="TRUE">254</attwidth>
				<atprecis Sync="TRUE">0</atprecis>
				<attscale Sync="TRUE">0</attscale>
			</attr>
			<attr>
				<attrlabl Sync="TRUE">security_1</attrlabl>
				<attalias Sync="TRUE">security_1</attalias>
				<attrtype Sync="TRUE">String</attrtype>
				<attwidth Sync="TRUE">254</attwidth>
				<atprecis Sync="TRUE">0</atprecis>
				<attscale Sync="TRUE">0</attscale>
			</attr>
			<attr>
				<attrlabl Sync="TRUE">security_2</attrlabl>
				<attalias Sync="TRUE">security_2</attalias>
				<attrtype Sync="TRUE">String</attrtype>
				<attwidth Sync="TRUE">50</attwidth>
				<atprecis Sync="TRUE">0</atprecis>
				<attscale Sync="TRUE">0</attscale>
			</attr>
			<attr>
				<attrlabl Sync="TRUE">security_3</attrlabl>
				<attalias Sync="TRUE">security_3</attalias>
				<attrtype Sync="TRUE">String</attrtype>
				<attwidth Sync="TRUE">50</attwidth>
				<atprecis Sync="TRUE">0</atprecis>
				<attscale Sync="TRUE">0</attscale>
			</attr>
			<attr>
				<attrlabl Sync="TRUE">security_4</attrlabl>
				<attalias Sync="TRUE">security_4</attalias>
				<attrtype Sync="TRUE">String</attrtype>
				<attwidth Sync="TRUE">55</attwidth>
				<atprecis Sync="TRUE">0</atprecis>
				<attscale Sync="TRUE">0</attscale>
			</attr>
			<attr>
				<attrlabl Sync="TRUE">entrymet_1</attrlabl>
				<attalias Sync="TRUE">entrymet_1</attalias>
				<attrtype Sync="TRUE">String</attrtype>
				<attwidth Sync="TRUE">55</attwidth>
				<atprecis Sync="TRUE">0</atprecis>
				<attscale Sync="TRUE">0</attscale>
			</attr>
			<attr>
				<attrlabl Sync="TRUE">exitmeth_1</attrlabl>
				<attalias Sync="TRUE">exitmeth_1</attalias>
				<attrtype Sync="TRUE">String</attrtype>
				<attwidth Sync="TRUE">55</attwidth>
				<atprecis Sync="TRUE">0</atprecis>
				<attscale Sync="TRUE">0</attscale>
			</attr>
			<attr>
				<attrlabl Sync="TRUE">entrytype_</attrlabl>
				<attalias Sync="TRUE">entrytype_</attalias>
				<attrtype Sync="TRUE">String</attrtype>
				<attwidth Sync="TRUE">55</attwidth>
				<atprecis Sync="TRUE">0</atprecis>
				<attscale Sync="TRUE">0</attscale>
			</attr>
			<attr>
				<attrlabl Sync="TRUE">accessty_1</attrlabl>
				<attalias Sync="TRUE">accessty_1</attalias>
				<attrtype Sync="TRUE">String</attrtype>
				<attwidth Sync="TRUE">50</attwidth>
				<atprecis Sync="TRUE">0</atprecis>
				<attscale Sync="TRUE">0</attscale>
			</attr>
			<attr>
				<attrlabl Sync="TRUE">f_catego_1</attrlabl>
				<attalias Sync="TRUE">f_catego_1</attalias>
				<attrtype Sync="TRUE">String</attrtype>
				<attwidth Sync="TRUE">254</attwidth>
				<atprecis Sync="TRUE">0</atprecis>
				<attscale Sync="TRUE">0</attscale>
			</attr>
			<attr>
				<attrlabl Sync="TRUE">f_level_1</attrlabl>
				<attalias Sync="TRUE">f_level_1</attalias>
				<attrtype Sync="TRUE">Integer</attrtype>
				<attwidth Sync="TRUE">10</attwidth>
				<atprecis Sync="TRUE">10</atprecis>
				<attscale Sync="TRUE">0</attscale>
			</attr>
			<attr>
				<attrlabl Sync="TRUE">f0_count_2</attrlabl>
				<attalias Sync="TRUE">f0_count_2</attalias>
				<attrtype Sync="TRUE">String</attrtype>
				<attwidth Sync="TRUE">50</attwidth>
				<atprecis Sync="TRUE">0</atprecis>
				<attscale Sync="TRUE">0</attscale>
			</attr>
			<attr>
				<attrlabl Sync="TRUE">f0_count_3</attrlabl>
				<attalias Sync="TRUE">f0_count_3</attalias>
				<attrtype Sync="TRUE">String</attrtype>
				<attwidth Sync="TRUE">50</attwidth>
				<atprecis Sync="TRUE">0</atprecis>
				<attscale Sync="TRUE">0</attscale>
			</attr>
			<attr>
				<attrlabl Sync="TRUE">f1_regio_1</attrlabl>
				<attalias Sync="TRUE">f1_regio_1</attalias>
				<attrtype Sync="TRUE">String</attrtype>
				<attwidth Sync="TRUE">50</attwidth>
				<atprecis Sync="TRUE">0</atprecis>
				<attscale Sync="TRUE">0</attscale>
			</attr>
			<attr>
				<attrlabl Sync="TRUE">f1_regio_2</attrlabl>
				<attalias Sync="TRUE">f1_regio_2</attalias>
				<attrtype Sync="TRUE">String</attrtype>
				<attwidth Sync="TRUE">50</attwidth>
				<atprecis Sync="TRUE">0</atprecis>
				<attscale Sync="TRUE">0</attscale>
			</attr>
			<attr>
				<attrlabl Sync="TRUE">f2_cityid_</attrlabl>
				<attalias Sync="TRUE">f2_cityid_</attalias>
				<attrtype Sync="TRUE">String</attrtype>
				<attwidth Sync="TRUE">50</attwidth>
				<atprecis Sync="TRUE">0</atprecis>
				<attscale Sync="TRUE">0</attscale>
			</attr>
			<attr>
				<attrlabl Sync="TRUE">f2_cityn_1</attrlabl>
				<attalias Sync="TRUE">f2_cityn_1</attalias>
				<attrtype Sync="TRUE">String</attrtype>
				<attwidth Sync="TRUE">50</attwidth>
				<atprecis Sync="TRUE">0</atprecis>
				<attscale Sync="TRUE">0</attscale>
			</attr>
			<attr>
				<attrlabl Sync="TRUE">f3_distr_2</attrlabl>
				<attalias Sync="TRUE">f3_distr_2</attalias>
				<attrtype Sync="TRUE">String</attrtype>
				<attwidth Sync="TRUE">50</attwidth>
				<atprecis Sync="TRUE">0</atprecis>
				<attscale Sync="TRUE">0</attscale>
			</attr>
			<attr>
				<attrlabl Sync="TRUE">f3_distr_3</attrlabl>
				<attalias Sync="TRUE">f3_distr_3</attalias>
				<attrtype Sync="TRUE">String</attrtype>
				<attwidth Sync="TRUE">50</attwidth>
				<atprecis Sync="TRUE">0</atprecis>
				<attscale Sync="TRUE">0</attscale>
			</attr>
			<attr>
				<attrlabl Sync="TRUE">f4_neigh_2</attrlabl>
				<attalias Sync="TRUE">f4_neigh_2</attalias>
				<attrtype Sync="TRUE">String</attrtype>
				<attwidth Sync="TRUE">50</attwidth>
				<atprecis Sync="TRUE">0</atprecis>
				<attscale Sync="TRUE">0</attscale>
			</attr>
			<attr>
				<attrlabl Sync="TRUE">f4_neigh_3</attrlabl>
				<attalias Sync="TRUE">f4_neigh_3</attalias>
				<attrtype Sync="TRUE">String</attrtype>
				<attwidth Sync="TRUE">50</attwidth>
				<atprecis Sync="TRUE">0</atprecis>
				<attscale Sync="TRUE">0</attscale>
			</attr>
			<attr>
				<attrlabl Sync="TRUE">f5_block_1</attrlabl>
				<attalias Sync="TRUE">f5_block_1</attalias>
				<attrtype Sync="TRUE">String</attrtype>
				<attwidth Sync="TRUE">50</attwidth>
				<atprecis Sync="TRUE">0</atprecis>
				<attscale Sync="TRUE">0</attscale>
			</attr>
			<attr>
				<attrlabl Sync="TRUE">f5_block_2</attrlabl>
				<attalias Sync="TRUE">f5_block_2</attalias>
				<attrtype Sync="TRUE">String</attrtype>
				<attwidth Sync="TRUE">50</attwidth>
				<atprecis Sync="TRUE">0</atprecis>
				<attscale Sync="TRUE">0</attscale>
			</attr>
			<attr>
				<attrlabl Sync="TRUE">f6_siteid_</attrlabl>
				<attalias Sync="TRUE">f6_siteid_</attalias>
				<attrtype Sync="TRUE">String</attrtype>
				<attwidth Sync="TRUE">50</attwidth>
				<atprecis Sync="TRUE">0</atprecis>
				<attscale Sync="TRUE">0</attscale>
			</attr>
			<attr>
				<attrlabl Sync="TRUE">f6_siten_1</attrlabl>
				<attalias Sync="TRUE">f6_siten_1</attalias>
				<attrtype Sync="TRUE">String</attrtype>
				<attwidth Sync="TRUE">50</attwidth>
				<atprecis Sync="TRUE">0</atprecis>
				<attscale Sync="TRUE">0</attscale>
			</attr>
			<attr>
				<attrlabl Sync="TRUE">f7_parce_1</attrlabl>
				<attalias Sync="TRUE">f7_parce_1</attalias>
				<attrtype Sync="TRUE">String</attrtype>
				<attwidth Sync="TRUE">50</attwidth>
				<atprecis Sync="TRUE">0</atprecis>
				<attscale Sync="TRUE">0</attscale>
			</attr>
			<attr>
				<attrlabl Sync="TRUE">f7_parce_2</attrlabl>
				<attalias Sync="TRUE">f7_parce_2</attalias>
				<attrtype Sync="TRUE">String</attrtype>
				<attwidth Sync="TRUE">50</attwidth>
				<atprecis Sync="TRUE">0</atprecis>
				<attscale Sync="TRUE">0</attscale>
			</attr>
			<attr>
				<attrlabl Sync="TRUE">f8_facil_2</attrlabl>
				<attalias Sync="TRUE">f8_facil_2</attalias>
				<attrtype Sync="TRUE">String</attrtype>
				<attwidth Sync="TRUE">50</attwidth>
				<atprecis Sync="TRUE">0</atprecis>
				<attscale Sync="TRUE">0</attscale>
			</attr>
			<attr>
				<attrlabl Sync="TRUE">f8_facil_3</attrlabl>
				<attalias Sync="TRUE">f8_facil_3</attalias>
				<attrtype Sync="TRUE">String</attrtype>
				<attwidth Sync="TRUE">100</attwidth>
				<atprecis Sync="TRUE">0</atprecis>
				<attscale Sync="TRUE">0</attscale>
			</attr>
			<attr>
				<attrlabl Sync="TRUE">f_parent_1</attrlabl>
				<attalias Sync="TRUE">f_parent_1</attalias>
				<attrtype Sync="TRUE">String</attrtype>
				<attwidth Sync="TRUE">34</attwidth>
				<atprecis Sync="TRUE">0</atprecis>
				<attscale Sync="TRUE">0</attscale>
			</attr>
			<attr>
				<attrlabl Sync="TRUE">f_parent_2</attrlabl>
				<attalias Sync="TRUE">f_parent_2</attalias>
				<attrtype Sync="TRUE">String</attrtype>
				<attwidth Sync="TRUE">50</attwidth>
				<atprecis Sync="TRUE">0</atprecis>
				<attscale Sync="TRUE">0</attscale>
			</attr>
			<attr>
				<attrlabl Sync="TRUE">address__1</attrlabl>
				<attalias Sync="TRUE">address__1</attalias>
				<attrtype Sync="TRUE">String</attrtype>
				<attwidth Sync="TRUE">254</attwidth>
				<atprecis Sync="TRUE">0</atprecis>
				<attscale Sync="TRUE">0</attscale>
			</attr>
			<attr>
				<attrlabl Sync="TRUE">fulladdr_1</attrlabl>
				<attalias Sync="TRUE">fulladdr_1</attalias>
				<attrtype Sync="TRUE">String</attrtype>
				<attwidth Sync="TRUE">254</attwidth>
				<atprecis Sync="TRUE">0</atprecis>
				<attscale Sync="TRUE">0</attscale>
			</attr>
			<attr>
				<attrlabl Sync="TRUE">acquisit_1</attrlabl>
				<attalias Sync="TRUE">acquisit_1</attalias>
				<attrtype Sync="TRUE">Double</attrtype>
				<attwidth Sync="TRUE">19</attwidth>
				<atprecis Sync="TRUE">0</atprecis>
				<attscale Sync="TRUE">0</attscale>
			</attr>
			<attr>
				<attrlabl Sync="TRUE">replacem_1</attrlabl>
				<attalias Sync="TRUE">replacem_1</attalias>
				<attrtype Sync="TRUE">Double</attrtype>
				<attwidth Sync="TRUE">19</attwidth>
				<atprecis Sync="TRUE">0</atprecis>
				<attscale Sync="TRUE">0</attscale>
			</attr>
			<attr>
				<attrlabl Sync="TRUE">operating1</attrlabl>
				<attalias Sync="TRUE">operating1</attalias>
				<attrtype Sync="TRUE">Double</attrtype>
				<attwidth Sync="TRUE">19</attwidth>
				<atprecis Sync="TRUE">0</atprecis>
				<attscale Sync="TRUE">0</attscale>
			</attr>
			<attr>
				<attrlabl Sync="TRUE">lease_co_1</attrlabl>
				<attalias Sync="TRUE">lease_co_1</attalias>
				<attrtype Sync="TRUE">Double</attrtype>
				<attwidth Sync="TRUE">19</attwidth>
				<atprecis Sync="TRUE">0</atprecis>
				<attscale Sync="TRUE">0</attscale>
			</attr>
			<attr>
				<attrlabl Sync="TRUE">builtdate_</attrlabl>
				<attalias Sync="TRUE">builtdate_</attalias>
				<attrtype Sync="TRUE">Date</attrtype>
				<attwidth Sync="TRUE">8</attwidth>
				<atprecis Sync="TRUE">0</atprecis>
				<attscale Sync="TRUE">0</attscale>
			</attr>
			<attr>
				<attrlabl Sync="TRUE">acquired_1</attrlabl>
				<attalias Sync="TRUE">acquired_1</attalias>
				<attrtype Sync="TRUE">Date</attrtype>
				<attwidth Sync="TRUE">8</attwidth>
				<atprecis Sync="TRUE">0</atprecis>
				<attscale Sync="TRUE">0</attscale>
			</attr>
			<attr>
				<attrlabl Sync="TRUE">lease_st_1</attrlabl>
				<attalias Sync="TRUE">lease_st_1</attalias>
				<attrtype Sync="TRUE">Date</attrtype>
				<attwidth Sync="TRUE">8</attwidth>
				<atprecis Sync="TRUE">0</atprecis>
				<attscale Sync="TRUE">0</attscale>
			</attr>
			<attr>
				<attrlabl Sync="TRUE">lease_end_</attrlabl>
				<attalias Sync="TRUE">lease_end_</attalias>
				<attrtype Sync="TRUE">Date</attrtype>
				<attwidth Sync="TRUE">8</attwidth>
				<atprecis Sync="TRUE">0</atprecis>
				<attscale Sync="TRUE">0</attscale>
			</attr>
			<attr>
				<attrlabl Sync="TRUE">floorcou_1</attrlabl>
				<attalias Sync="TRUE">floorcou_1</attalias>
				<attrtype Sync="TRUE">Integer</attrtype>
				<attwidth Sync="TRUE">5</attwidth>
				<atprecis Sync="TRUE">5</atprecis>
				<attscale Sync="TRUE">0</attscale>
			</attr>
			<attr>
				<attrlabl Sync="TRUE">ref_loc_1</attrlabl>
				<attalias Sync="TRUE">ref_loc_1</attalias>
				<attrtype Sync="TRUE">String</attrtype>
				<attwidth Sync="TRUE">254</attwidth>
				<atprecis Sync="TRUE">0</atprecis>
				<attscale Sync="TRUE">0</attscale>
			</attr>
			<attr>
				<attrlabl Sync="TRUE">base_ele_1</attrlabl>
				<attalias Sync="TRUE">base_ele_1</attalias>
				<attrtype Sync="TRUE">Double</attrtype>
				<attwidth Sync="TRUE">19</attwidth>
				<atprecis Sync="TRUE">0</atprecis>
				<attscale Sync="TRUE">0</attscale>
			</attr>
			<attr>
				<attrlabl Sync="TRUE">absolute_1</attrlabl>
				<attalias Sync="TRUE">absolute_1</attalias>
				<attrtype Sync="TRUE">Double</attrtype>
				<attwidth Sync="TRUE">19</attwidth>
				<atprecis Sync="TRUE">0</atprecis>
				<attscale Sync="TRUE">0</attscale>
			</attr>
			<attr>
				<attrlabl Sync="TRUE">elevation1</attrlabl>
				<attalias Sync="TRUE">elevation1</attalias>
				<attrtype Sync="TRUE">String</attrtype>
				<attwidth Sync="TRUE">10</attwidth>
				<atprecis Sync="TRUE">0</atprecis>
				<attscale Sync="TRUE">0</attscale>
			</attr>
			<attr>
				<attrlabl Sync="TRUE">base_hei_1</attrlabl>
				<attalias Sync="TRUE">base_hei_1</attalias>
				<attrtype Sync="TRUE">Double</attrtype>
				<attwidth Sync="TRUE">19</attwidth>
				<atprecis Sync="TRUE">0</atprecis>
				<attscale Sync="TRUE">0</attscale>
			</attr>
			<attr>
				<attrlabl Sync="TRUE">absolute_2</attrlabl>
				<attalias Sync="TRUE">absolute_2</attalias>
				<attrtype Sync="TRUE">Double</attrtype>
				<attwidth Sync="TRUE">19</attwidth>
				<atprecis Sync="TRUE">0</atprecis>
				<attscale Sync="TRUE">0</attscale>
			</attr>
			<attr>
				<attrlabl Sync="TRUE">height_um_</attrlabl>
				<attalias Sync="TRUE">height_um_</attalias>
				<attrtype Sync="TRUE">String</attrtype>
				<attwidth Sync="TRUE">10</attwidth>
				<atprecis Sync="TRUE">0</atprecis>
				<attscale Sync="TRUE">0</attscale>
			</attr>
			<attr>
				<attrlabl Sync="TRUE">quantity_1</attrlabl>
				<attalias Sync="TRUE">quantity_1</attalias>
				<attrtype Sync="TRUE">Double</attrtype>
				<attwidth Sync="TRUE">19</attwidth>
				<atprecis Sync="TRUE">0</atprecis>
				<attscale Sync="TRUE">0</attscale>
			</attr>
			<attr>
				<attrlabl Sync="TRUE">net_area_1</attrlabl>
				<attalias Sync="TRUE">net_area_1</attalias>
				<attrtype Sync="TRUE">String</attrtype>
				<attwidth Sync="TRUE">10</attwidth>
				<atprecis Sync="TRUE">0</atprecis>
				<attscale Sync="TRUE">0</attscale>
			</attr>
			<attr>
				<attrlabl Sync="TRUE">quantity_2</attrlabl>
				<attalias Sync="TRUE">quantity_2</attalias>
				<attrtype Sync="TRUE">Double</attrtype>
				<attwidth Sync="TRUE">19</attwidth>
				<atprecis Sync="TRUE">0</atprecis>
				<attscale Sync="TRUE">0</attscale>
			</attr>
			<attr>
				<attrlabl Sync="TRUE">gross_ar_1</attrlabl>
				<attalias Sync="TRUE">gross_ar_1</attalias>
				<attrtype Sync="TRUE">String</attrtype>
				<attwidth Sync="TRUE">10</attwidth>
				<atprecis Sync="TRUE">0</atprecis>
				<attscale Sync="TRUE">0</attscale>
			</attr>
			<attr>
				<attrlabl Sync="TRUE">quantity_3</attrlabl>
				<attalias Sync="TRUE">quantity_3</attalias>
				<attrtype Sync="TRUE">Double</attrtype>
				<attwidth Sync="TRUE">19</attwidth>
				<atprecis Sync="TRUE">0</atprecis>
				<attscale Sync="TRUE">0</attscale>
			</attr>
			<attr>
				<attrlabl Sync="TRUE">volume_um_</attrlabl>
				<attalias Sync="TRUE">volume_um_</attalias>
				<attrtype Sync="TRUE">String</attrtype>
				<attwidth Sync="TRUE">10</attwidth>
				<atprecis Sync="TRUE">0</atprecis>
				<attscale Sync="TRUE">0</attscale>
			</attr>
			<attr>
				<attrlabl Sync="TRUE">quantity_4</attrlabl>
				<attalias Sync="TRUE">quantity_4</attalias>
				<attrtype Sync="TRUE">Double</attrtype>
				<attwidth Sync="TRUE">19</attwidth>
				<atprecis Sync="TRUE">0</atprecis>
				<attscale Sync="TRUE">0</attscale>
			</attr>
			<attr>
				<attrlabl Sync="TRUE">perimeter1</attrlabl>
				<attalias Sync="TRUE">perimeter1</attalias>
				<attrtype Sync="TRUE">String</attrtype>
				<attwidth Sync="TRUE">10</attwidth>
				<atprecis Sync="TRUE">0</atprecis>
				<attscale Sync="TRUE">0</attscale>
			</attr>
			<attr>
				<attrlabl Sync="TRUE">quantity_5</attrlabl>
				<attalias Sync="TRUE">quantity_5</attalias>
				<attrtype Sync="TRUE">Double</attrtype>
				<attwidth Sync="TRUE">19</attwidth>
				<atprecis Sync="TRUE">0</atprecis>
				<attscale Sync="TRUE">0</attscale>
			</attr>
			<attr>
				<attrlabl Sync="TRUE">depth_um_1</attrlabl>
				<attalias Sync="TRUE">depth_um_1</attalias>
				<attrtype Sync="TRUE">String</attrtype>
				<attwidth Sync="TRUE">10</attwidth>
				<atprecis Sync="TRUE">0</atprecis>
				<attscale Sync="TRUE">0</attscale>
			</attr>
			<attr>
				<attrlabl Sync="TRUE">quantity_6</attrlabl>
				<attalias Sync="TRUE">quantity_6</attalias>
				<attrtype Sync="TRUE">Double</attrtype>
				<attwidth Sync="TRUE">19</attwidth>
				<atprecis Sync="TRUE">0</atprecis>
				<attscale Sync="TRUE">0</attscale>
			</attr>
			<attr>
				<attrlabl Sync="TRUE">width_um_1</attrlabl>
				<attalias Sync="TRUE">width_um_1</attalias>
				<attrtype Sync="TRUE">String</attrtype>
				<attwidth Sync="TRUE">10</attwidth>
				<atprecis Sync="TRUE">0</atprecis>
				<attscale Sync="TRUE">0</attscale>
			</attr>
			<attr>
				<attrlabl Sync="TRUE">quantity_7</attrlabl>
				<attalias Sync="TRUE">quantity_7</attalias>
				<attrtype Sync="TRUE">Double</attrtype>
				<attwidth Sync="TRUE">19</attwidth>
				<atprecis Sync="TRUE">0</atprecis>
				<attscale Sync="TRUE">0</attscale>
			</attr>
			<attr>
				<attrlabl Sync="TRUE">capacity_1</attrlabl>
				<attalias Sync="TRUE">capacity_1</attalias>
				<attrtype Sync="TRUE">String</attrtype>
				<attwidth Sync="TRUE">10</attwidth>
				<atprecis Sync="TRUE">0</atprecis>
				<attscale Sync="TRUE">0</attscale>
			</attr>
			<attr>
				<attrlabl Sync="TRUE">quantity_8</attrlabl>
				<attalias Sync="TRUE">quantity_8</attalias>
				<attrtype Sync="TRUE">Double</attrtype>
				<attwidth Sync="TRUE">19</attwidth>
				<atprecis Sync="TRUE">0</atprecis>
				<attscale Sync="TRUE">0</attscale>
			</attr>
			<attr>
				<attrlabl Sync="TRUE">utilizat_1</attrlabl>
				<attalias Sync="TRUE">utilizat_1</attalias>
				<attrtype Sync="TRUE">String</attrtype>
				<attwidth Sync="TRUE">10</attwidth>
				<atprecis Sync="TRUE">0</atprecis>
				<attscale Sync="TRUE">0</attscale>
			</attr>
			<attr>
				<attrlabl Sync="TRUE">rulename_1</attrlabl>
				<attalias Sync="TRUE">rulename_1</attalias>
				<attrtype Sync="TRUE">String</attrtype>
				<attwidth Sync="TRUE">100</attwidth>
				<atprecis Sync="TRUE">0</atprecis>
				<attscale Sync="TRUE">0</attscale>
			</attr>
			<attr>
				<attrlabl Sync="TRUE">startrule_</attrlabl>
				<attalias Sync="TRUE">startrule_</attalias>
				<attrtype Sync="TRUE">String</attrtype>
				<attwidth Sync="TRUE">100</attwidth>
				<atprecis Sync="TRUE">0</atprecis>
				<attscale Sync="TRUE">0</attscale>
			</attr>
			<attr>
				<attrlabl Sync="TRUE">scenario_1</attrlabl>
				<attalias Sync="TRUE">scenario_1</attalias>
				<attrtype Sync="TRUE">String</attrtype>
				<attwidth Sync="TRUE">50</attwidth>
				<atprecis Sync="TRUE">0</atprecis>
				<attscale Sync="TRUE">0</attscale>
			</attr>
			<attr>
				<attrlabl Sync="TRUE">scenario_2</attrlabl>
				<attalias Sync="TRUE">scenario_2</attalias>
				<attrtype Sync="TRUE">String</attrtype>
				<attwidth Sync="TRUE">50</attwidth>
				<atprecis Sync="TRUE">0</atprecis>
				<attscale Sync="TRUE">0</attscale>
			</attr>
			<attr>
				<attrlabl Sync="TRUE">alt_name_1</attrlabl>
				<attalias Sync="TRUE">alt_name_1</attalias>
				<attrtype Sync="TRUE">String</attrtype>
				<attwidth Sync="TRUE">50</attwidth>
				<atprecis Sync="TRUE">0</atprecis>
				<attscale Sync="TRUE">0</attscale>
			</attr>
			<attr>
				<attrlabl Sync="TRUE">alt_id_1</attrlabl>
				<attalias Sync="TRUE">alt_id_1</attalias>
				<attrtype Sync="TRUE">String</attrtype>
				<attwidth Sync="TRUE">50</attwidth>
				<atprecis Sync="TRUE">0</atprecis>
				<attscale Sync="TRUE">0</attscale>
			</attr>
			<attr>
				<attrlabl Sync="TRUE">alt_start1</attrlabl>
				<attalias Sync="TRUE">alt_start1</attalias>
				<attrtype Sync="TRUE">Date</attrtype>
				<attwidth Sync="TRUE">8</attwidth>
				<atprecis Sync="TRUE">0</atprecis>
				<attscale Sync="TRUE">0</attscale>
			</attr>
			<attr>
				<attrlabl Sync="TRUE">alt_end__1</attrlabl>
				<attalias Sync="TRUE">alt_end__1</attalias>
				<attrtype Sync="TRUE">Date</attrtype>
				<attwidth Sync="TRUE">8</attwidth>
				<atprecis Sync="TRUE">0</atprecis>
				<attscale Sync="TRUE">0</attscale>
			</attr>
			<attr>
				<attrlabl Sync="TRUE">feature_1</attrlabl>
				<attalias Sync="TRUE">feature_1</attalias>
				<attrtype Sync="TRUE">String</attrtype>
				<attwidth Sync="TRUE">254</attwidth>
				<atprecis Sync="TRUE">0</atprecis>
				<attscale Sync="TRUE">0</attscale>
			</attr>
			<attr>
				<attrlabl Sync="TRUE">sourceid_1</attrlabl>
				<attalias Sync="TRUE">sourceid_1</attalias>
				<attrtype Sync="TRUE">String</attrtype>
				<attwidth Sync="TRUE">30</attwidth>
				<atprecis Sync="TRUE">0</atprecis>
				<attscale Sync="TRUE">0</attscale>
			</attr>
			<attr>
				<attrlabl Sync="TRUE">sourcena_1</attrlabl>
				<attalias Sync="TRUE">sourcena_1</attalias>
				<attrtype Sync="TRUE">String</attrtype>
				<attwidth Sync="TRUE">60</attwidth>
				<atprecis Sync="TRUE">0</atprecis>
				<attscale Sync="TRUE">0</attscale>
			</attr>
			<attr>
				<attrlabl Sync="TRUE">sourcepa_1</attrlabl>
				<attalias Sync="TRUE">sourcepa_1</attalias>
				<attrtype Sync="TRUE">String</attrtype>
				<attwidth Sync="TRUE">254</attwidth>
				<atprecis Sync="TRUE">0</atprecis>
				<attscale Sync="TRUE">0</attscale>
			</attr>
			<attr>
				<attrlabl Sync="TRUE">sourcety_1</attrlabl>
				<attalias Sync="TRUE">sourcety_1</attalias>
				<attrtype Sync="TRUE">String</attrtype>
				<attwidth Sync="TRUE">50</attwidth>
				<atprecis Sync="TRUE">0</atprecis>
				<attscale Sync="TRUE">0</attscale>
			</attr>
			<attr>
				<attrlabl Sync="TRUE">sourceme_1</attrlabl>
				<attalias Sync="TRUE">sourceme_1</attalias>
				<attrtype Sync="TRUE">String</attrtype>
				<attwidth Sync="TRUE">50</attwidth>
				<atprecis Sync="TRUE">0</atprecis>
				<attscale Sync="TRUE">0</attscale>
			</attr>
			<attr>
				<attrlabl Sync="TRUE">rotation_1</attrlabl>
				<attalias Sync="TRUE">rotation_1</attalias>
				<attrtype Sync="TRUE">Double</attrtype>
				<attwidth Sync="TRUE">19</attwidth>
				<atprecis Sync="TRUE">0</atprecis>
				<attscale Sync="TRUE">0</attscale>
			</attr>
			<attr>
				<attrlabl Sync="TRUE">display_1</attrlabl>
				<attalias Sync="TRUE">display_1</attalias>
				<attrtype Sync="TRUE">Integer</attrtype>
				<attwidth Sync="TRUE">5</attwidth>
				<atprecis Sync="TRUE">5</atprecis>
				<attscale Sync="TRUE">0</attscale>
			</attr>
			<attr>
				<attrlabl Sync="TRUE">shape__a_1</attrlabl>
				<attalias Sync="TRUE">shape__a_1</attalias>
				<attrtype Sync="TRUE">Double</attrtype>
				<attwidth Sync="TRUE">19</attwidth>
				<atprecis Sync="TRUE">0</atprecis>
				<attscale Sync="TRUE">0</attscale>
			</attr>
			<attr>
				<attrlabl Sync="TRUE">shape__l_1</attrlabl>
				<attalias Sync="TRUE">shape__l_1</attalias>
				<attrtype Sync="TRUE">Double</attrtype>
				<attwidth Sync="TRUE">19</attwidth>
				<atprecis Sync="TRUE">0</atprecis>
				<attscale Sync="TRUE">0</attscale>
			</attr>
			<attr>
				<attrlabl Sync="TRUE">st_area_sh</attrlabl>
				<attalias Sync="TRUE">st_area_sh</attalias>
				<attrtype Sync="TRUE">Double</attrtype>
				<attwidth Sync="TRUE">19</attwidth>
				<atprecis Sync="TRUE">0</atprecis>
				<attscale Sync="TRUE">0</attscale>
			</attr>
			<attr>
				<attrlabl Sync="TRUE">st_length_</attrlabl>
				<attalias Sync="TRUE">st_length_</attalias>
				<attrtype Sync="TRUE">Double</attrtype>
				<attwidth Sync="TRUE">19</attwidth>
				<atprecis Sync="TRUE">0</atprecis>
				<attscale Sync="TRUE">0</attscale>
			</attr>
		</detailed>
	</eainfo>
	<mdDateSt Sync="TRUE">20170704</mdDateSt>
</metadata>
